{"Root": {"": 0.0, "place": 0.20060508987364295, "species": 0.07089212620445935, "topical_concept": 0.00387969389571098, "agent": 0.5036940991025347, "event": 0.08765159026771412, "device": 0.0010576360816617087, "work": 0.09868558208120405, "sports_season": 0.02549513131467215, "unit_of_work": 0.008039051178399816}, "agent": {"writer": 0.00843941489415399, "organisation": 0.06623325492888077, "coach": 0.019160298408019465, "group": 0.017989279116486134, "gridiron_football_player": 0.01849402881111257, "wrestler": 0.002594413430379875, "presenter": 0.001847383882332751, "sports_team": 0.03663473283598664, "politician": 0.07477361976196005, "winter_sport_player": 0.04607355212550097, "educational_institution": 0.04385265346914465, "company": 0.06864595846919512, "british_royalty": 0.004280277410432166, "racing_driver": 0.008752359704822379, "motorcycle_rider": 0.0022612786319264277, "actor": 0.005037401952371819, "organisation_member": 0.001847383882332751, "cleric": 0.03985503588770329, "broadcaster": 0.04407474333478028, "volleyball_player": 0.0011407343098557426, "musical_artist": 0.0018372888884402225, "boxer": 0.0022612786319264277, "sports_manager": 0.01607123027690568, "artist": 0.03450468912466308, "sports_league": 0.019372293279762566, "person": 0.15318143732523043, "fictional_character": 0.017999374110378663, "athlete": 0.23639447198134445, "comics_character": 0.0015748190472344764, "scientist": 0.004815312086736187}, "politician": {"prime_minister": 0.09464020521128662, "governor": 0.16052382881058458, "member_of_parliament": 0.24652355879573376, "mayor": 0.12029161603888214, "congressman": 0.18712029161603888, "senator": 0.047657621169164305, "president": 0.1432428783583097}, "work": {"comic": 0.1084604286892003, "song": 0.03890148392415498, "periodical_literature": 0.2825123660346248, "database": 0.006646743610882109, "musical_work": 0.32687551525144265, "cartoon": 0.07548433635614178, "written_work": 0.06183017312448474, "software": 0.0992889530090684}, "musical_work": {"album": 0.27837326607818413, "artist_discography": 0.2123266078184111, "classical_music_composition": 0.06368221941992434, "musical": 0.1358764186633039, "single": 0.30974148802017654}, "place": {"tower": 0.02448545067423704, "celestial_body": 0.053533407685288435, "clerical_administrative_region": 0.029554902159586324, "race_track": 0.0035993105545979918, "venue": 0.01133022406975565, "stream": 0.04717124607117509, "natural_place": 0.1211091959849944, "route_of_transportation": 0.14863631755044102, "building": 0.24176214133630736, "body_of_water": 0.046892426239480874, "sport_facility": 0.05510493764574672, "satellite": 0.04009936124911284, "amusement_park_attraction": 0.010544459089526512, "station": 0.011634391158876607, "settlement": 0.0728987123593227, "infrastructure": 0.08164351617155022}, "natural_place": {"volcano": 0.08706571787358727, "mountain_pass": 0.1270406027626622, "mountain": 0.3848890749267476, "glacier": 0.08748430305567183, "cave": 0.05692758476349937, "mountain_range": 0.25659271661783173}, "periodical_literature": {"magazine": 0.3354003282874339, "newspaper": 0.3224512128396863, "academic_journal": 0.3421484588728798}, "building": {"prison": 0.08052002516250785, "museum": 0.19857412455441387, "hotel": 0.070245334451667, "historic_building": 0.1943803732438666, "restaurant": 0.06783392744810231, "hospital": 0.17613755504298592, "castle": 0.05284126651289577, "shopping_mall": 0.15946739358356046}, "species": {"eukaryote": 0.08922679672930714, "horse": 0.12724142877635922, "plant": 0.1052933581982499, "animal": 0.6620284033854541, "flowering_plant": 0.016210012910629755}, "animal": {"amphibian": 0.12405200433369447, "crustacean": 0.11061755146262188, "mollusca": 0.06348862405200434, "reptile": 0.12654387865655473, "fish": 0.16890574214517876, "arachnid": 0.07107258938244854, "bird": 0.19512459371614302, "insect": 0.14019501625135428}, "organisation": {"legislature": 0.15759792714525225, "public_transit_system": 0.16186556927297668, "military_unit": 0.2719097698521567, "trade_union": 0.12162780064014632, "political_party": 0.28699893308946806}, "person": {"journalist": 0.05595096876235666, "playboy_playmate": 0.0067879267167523395, "noble": 0.11368129695531831, "religious": 0.0357848952155002, "business_person": 0.02491103202846975, "horse_trainer": 0.009489916963226572, "model": 0.04277052853565309, "chef": 0.016146039277711875, "monarch": 0.07987346777382365, "office_holder": 0.1121655463292474, "astronaut": 0.020100171345722947, "philosopher": 0.0656385923289838, "judge": 0.07895083695795439, "beauty_queen": 0.05601687096349018, "engineer": 0.018979833926453145, "military_person": 0.1111111111111111, "ambassador": 0.018848029524186106, "economist": 0.04112297350731514, "architect": 0.09166996177672335}, "athlete": {"lacrosse_player": 0.008583507708075332, "martial_artist": 0.05525899987188796, "handball_player": 0.021907161463893755, "baseball_player": 0.0732373916385532, "rugby_player": 0.07447580817354915, "gaelic_games_player": 0.07392065593372338, "basketball_player": 0.07242601528803862, "badminton_player": 0.014946406456847593, "golf_player": 0.06939402997822096, "rower": 0.00414228978946919, "cyclist": 0.047871204680360435, "poker_player": 0.016014006918050994, "bodybuilder": 0.00371524960498783, "netball_player": 0.006320194730324125, "swimmer": 0.07409147200751592, "jockey": 0.013793397958747922, "australian_rules_football_player": 0.06892428577529147, "darts_player": 0.0055515223982576765, "chess_player": 0.027586795917495844, "squash_player": 0.0050390741768800455, "horse_rider": 0.012213349276166892, "canoeist": 0.006021266601187174, "tennis_player": 0.07631208096681899, "gymnast": 0.034974591109023366, "soccer_player": 0.050134517658111645, "cricketer": 0.07409147200751592, "table_tennis_player": 0.009053251911004827}, "settlement": {"village": 0.527816411682893, "town": 0.4721835883171071}, "unit_of_work": {"legal_case": 1.0}, "legal_case": {"supreme_court_of_the_united_states_case": 1.0}, "motorcycle_rider": {"speedway_rider": 1.0}, "company": {"record_label": 0.24823529411764708, "bank": 0.24073529411764708, "bus_company": 0.08970588235294119, "publisher": 0.12161764705882354, "winery": 0.027647058823529417, "brewery": 0.02220588235294118, "law_firm": 0.04426470588235295, "airline": 0.20558823529411768}, "route_of_transportation": {"railway_line": 0.3156548431105048, "road_tunnel": 0.03427694406548431, "road": 0.3257162346521146, "bridge": 0.3243519781718963}, "event": {"sports_event": 0.22119735468151758, "race": 0.10790114862513052, "tournament": 0.21034922844877596, "natural_event": 0.04559693699965193, "olympics": 0.08504466875507599, "societal_event": 0.329910662489848}, "societal_event": {"election": 0.32934763495691927, "convention": 0.23369087392298224, "music_festival": 0.03516792685071215, "film_festival": 0.08704061895551257, "military_conflict": 0.31475294531387377}, "winter_sport_player": {"figure_skater": 0.2964504820333041, "skater": 0.05959684487291849, "ice_hockey_player": 0.3567046450482033, "curler": 0.06200701139351446, "skier": 0.2252410166520596}, "clerical_administrative_region": {"diocese": 1.0}, "educational_institution": {"school": 0.43485267034990793, "university": 0.43761510128913444, "library": 0.12753222836095765}, "body_of_water": {"lake": 1.0}, "plant": {"fern": 0.3017711171662125, "cycad": 0.048365122615803814, "moss": 0.08923705722070845, "cultivated_variety": 0.305858310626703, "conifer": 0.22547683923705722, "green_alga": 0.029291553133514985}, "infrastructure": {"airport": 0.5162992859360447, "dam": 0.4837007140639553}, "sports_season": {"sports_team_season": 0.6858795372955724, "football_league_season": 0.3141204627044276}, "football_league_season": {"national_football_league_season": 1.0}, "actor": {"adult_actor": 0.779559118236473, "voice_actor": 0.22044088176352705}, "sports_manager": {"soccer_manager": 1.0}, "cleric": {"saint": 0.46352583586626145, "christian_bishop": 0.4123606889564337,